{
    "syarat" : {
        "jumlah sks" : {
            "jenis matkul" : {
                "wajib" : {
                    "semester 1" : {
                        "MH1013" : 3,
                        "MH1033" : 3,
                        "TI0203" : 3,
                        "TI0012" : 2,
                        "TI0021" : 1,
                        "TI0033" : 3,
                        "TI0043" : 3
                    },
                    "semester 2" : {
                        "MH1083" : 3,
                        "TI0052" :2,
                        "TI0061" :1,
                        "TI0073" :3,
                        "TI0082" :2,
                        "TI0093" :3,
                        "TI0103" :3,
                        "TI0113" :3
                    },
                    "semester 3" : {
                        "TI0133" : 3,
                        "TI0141" : 1,
                        "TI0153" : 3,
                        "TI0161" : 1,
                        "TI0173" : 3,
                        "TI0181" : 1,
                        "TI0193" : 3,
                        "TI0213" : 3
                    },
                    "semester 4" : {
                        "MH1073" : 3,
                        "TI0243" : 3,
                        "TI0251" : 1,
                        "TI0263" : 3,
                        "TI0273" : 3,
                        "TI0302" : 2,
                        "TI0373" : 3,
                        "TI0382" : 2                       
                    },
                    "semester 5" : {
                        "TI0313" : 3
                    },
                    "semester 6" : {
                        "TI0323" : 3,
                        "TI0333" : 3
                    },
                    "semester 7" : {
                        "TI0353" : 3
                    },
                    "semester 8" : {
                        "TI0366" : 6
                    } 
                },
                "pilihan" : {
                    "matkul_pilihan": {
                        "Matkul_WajibProdi" : {
                            "TI8033" : 3,
                            "TI8023" : 3,
                            "TI8043" : 3,
                            "TI8053" : 3,
                            "TI8063" : 3,
                            "TI8073" : 3,
                            "TI8083" : 3,
                            "TI3013" : 3,
                            "TI3033" : 3,
                            "TI3043" : 3,
                            "TI3053" : 3,
                            "TI3063" : 3,
                            "TI6113" : 3,
                            "TI6123" : 3,
                            "TI6133" : 3,
                            "TI6143" : 3,
                            "TI6153" : 3,
                            "TI5013" : 3,
                            "TI5023" : 3,
                            "TI5033" : 3,
                            "TI4023" : 3,
                            "TI4033" : 3,
                            "TI6033" : 3,
                            "TI6043" : 3,
                            "TI6053" : 3,
                            "TI6063" : 3,
                            "TI6073" : 3,
                            "TI6083" : 3,
                            "TI6093" : 3,
                            "TI6103" : 3
                        },
                        "MatkulPilihan_BebasProdi" : {
                            "TI9013" : 3,
                            "TI9023" : 3,
                            "TI9383" : 1,
                            "TI9463" : 3,
                            "TI9053" : 3,
                            "TI9393" : 3,
                            "TI9063" : 3,
                            "TI9073" : 3,
                            "TI9403" : 3,
                            "TI9413" : 3,
                            "TI9083" : 3,
                            "TI9103" : 3,
                            "TI9143" : 3,
                            "TI9153" : 3,
                            "TI9373" : 3,
                            "TI9423" : 3,
                            "TI9433" : 3,
                            "TI9233" : 3,
                            "TI9473" : 3,
                            "TI9483" : 3,
                            "TI9253" : 3,
                            "TI9263" : 3,
                            "TI9273" : 3,
                            "TI9283" : 3,
                            "TI9293" : 3,
                            "TI9443" : 3,
                            "TI9453" : 3,
                            "TI9333" : 3
                        }
                    }   
                }
            }
        },
        "ICE" : 3,
        "poin SAC" : 120,
        "masa study" : 14
    }
}